{"loss": 0.5143250226974487, "accuracy": 0.798799991607666}