{"loss": 0.3088396191596985, "accuracy": 0.8873999714851379}