{"loss": 0.34583109617233276, "accuracy": 0.8751999735832214}