epoch,loss
1,0.6341066360473633
2,0.4190310835838318
