epoch,loss
1,0.5050966143608093
2,0.3540951907634735
