epoch,loss
1,0.7402406930923462
2,0.6176231503486633
