epoch,accuracy
1,0.774483323097229
2,0.8534833192825317
