epoch,accuracy
1,0.7229666709899902
2,0.7707333564758301
