epoch,accuracy
1,0.8216333389282227
2,0.8701666593551636
